feature,key,mu_log_ms,sigma_log
FT,0,5.575048795,1.128307983
FT,7,5.469569113,0.739100714
FT,8,5.188079066,1.123033802
FT,9,5.971830374,0.779041872
FT,13,6.031657797,0.761928764
FT,15,5.252245194,1.117500383
FT,16,5.382173166,0.907858422
FT,17,5.894710506,0.888175676
FT,20,5.348591207,0.905969083
FT,23,5.333822654,0.856642926
FT,30,5.224649961,0.823481286
FT,31,5.32989672,0.889760659
FT,32,4.992918609,0.578889905
FT,33,5.378254224,0.7137386
FT,34,5.378254224,0.7137386
FT,35,5.517646986,0.949409528
FT,36,4.579755061,0.531432959
FT,37,4.422495853,1.13416167
FT,38,5.161370833,1.174249267
FT,39,4.633682102,1.114988293
FT,40,5.182981196,1.211253889
FT,41,5.378254224,0.7137386
FT,42,5.378254224,0.7137386
FT,43,5.378254224,0.7137386
FT,44,5.378254224,0.7137386
FT,45,4.48704299,1.429041836
FT,46,5.100089149,1.147965459
FT,47,5.269211844,0.653655279
FT,48,5.646933842,0.701265071
FT,49,5.883653042,0.70569737
FT,50,5.816373488,0.796510155
FT,51,6.001945256,0.818350383
FT,52,5.805200742,0.913192041
FT,53,5.733378122,0.867944279
FT,54,5.790990148,0.859770819
FT,55,5.67959432,0.727619358
FT,56,5.731814644,0.782932853
FT,57,5.590162513,0.834888101
FT,58,5.378254224,0.7137386
FT,59,4.628748415,1.663972752
FT,60,3.391725754,0.145564675
FT,61,5.378254224,0.7137386
FT,62,5.378254224,0.806674235
FT,63,5.378254224,0.7137386
FT,64,5.378254224,0.7137386
FT,65,4.994716198,0.552940081
FT,66,5.569776366,0.71948695
FT,67,5.375884578,0.642662072
FT,68,5.191746028,0.636313404
FT,69,4.92459776,0.553743912
FT,70,5.457721627,0.774583227
FT,71,5.436255521,0.74875098
FT,72,4.898877299,0.7137386
FT,73,5.064187401,0.611006567
FT,74,5.488207164,0.795143721
FT,75,5.532304505,1.011440583
FT,76,5.179787776,0.557513663
FT,77,5.298885166,0.635181533
FT,78,5.070691372,0.594276125
FT,79,4.970593096,0.610262871
FT,80,5.525493621,0.745785035
FT,81,5.529277062,0.730188142
FT,82,5.067616703,0.607617648
FT,83,5.10960323,0.595588426
FT,84,5.148434539,0.660803251
FT,85,5.151799009,0.636299667
FT,86,5.587429771,0.700133586
FT,87,5.073742524,0.68726577
FT,88,5.690303306,0.607492124
FT,89,5.375609145,0.792498554
FT,90,5.37144793,0.805106171
FT,91,5.378254224,0.7137386
FT,92,5.378254224,0.7137386
FT,93,5.556514103,0.750005877
FT,94,5.378254224,0.7137386
FT,95,5.378254224,0.7137386
FT,96,5.374428306,0.427540586
FT,97,5.982620029,0.725648355
FT,98,5.818426541,0.809672081
FT,99,5.947668264,0.727438014
FT,100,5.79320688,0.695925588
FT,101,5.522536984,0.722627863
FT,102,5.673573926,0.723911969
FT,103,5.837136465,0.6958485
FT,104,5.710702466,0.701553515
FT,105,5.785417433,0.733900851
FT,106,6.044136606,0.581775694
FT,107,6.237679371,0.562197847
FT,108,5.378254224,0.7137386
FT,109,6.222201949,0.619755203
FT,110,5.613969268,0.534433006
FT,111,5.986217909,0.574265375
FT,112,5.525493621,0.745785035
FT,113,5.529277062,0.730188142
FT,114,5.067616703,0.607617648
FT,115,5.10960323,0.595588426
FT,116,5.148434539,0.660803251
FT,117,5.151799009,0.636299667
FT,118,5.587429771,0.700133586
FT,119,5.073742524,0.68726577
FT,120,5.690303306,0.607492124
FT,121,5.375609145,0.792498554
FT,122,5.37144793,0.805106171
FT,123,5.378254224,0.7137386
FT,124,5.378254224,0.7137386
FT,125,5.378254224,0.7137386
FT,126,5.378254224,0.7137386
FT,144,4.466079301,0.695841763
FT,160,4.873445759,1.344212371
FT,161,5.47814209,1.181747756
FT,162,5.104692042,1.443947066
FT,163,3.646207198,0.37055338
FT,171,6.388271628,0.531282012
FT,172,5.087232105,0.88919901
FT,173,6.247747616,0.758866436
FT,174,6.136719682,0.654571561
FT,175,5.180066254,1.425840165
FT,188,5.944150163,0.808742075
FT,190,5.966713972,0.810880062
FT,191,6.456044118,0.543911413
FT,192,5.922971015,0.675663571
FT,219,4.913748916,0.435849072
FT,222,5.812356474,0.834551553
FT,252,0.518106646,0.356193331
HT,0,4.40254512,0.400860857
HT,8,4.329954536,0.439719795
HT,9,4.527898884,0.377938985
HT,13,4.408444595,0.330953454
HT,15,4.223913397,1.827792734
HT,16,5.454074877,0.551508702
HT,17,6.378910972,0.761206343
HT,20,4.680139003,0.322268454
HT,23,6.696727729,0.761752846
HT,31,6.698665888,0.855389021
HT,32,4.503799865,0.388418731
HT,33,4.489425935,0.349903662
HT,34,4.489425935,0.349903662
HT,35,4.433075381,0.319013034
HT,36,4.323366503,0.25222479
HT,37,4.221932399,0.607381508
HT,38,4.411206609,0.456093537
HT,39,4.250605337,0.506805955
HT,40,4.4274317,0.459879548
HT,41,4.489425935,0.349903662
HT,42,4.489425935,0.349903662
HT,43,4.489425935,0.349903662
HT,44,4.489425935,0.349903662
HT,45,4.25825744,0.455662421
HT,46,4.271104642,0.414656657
HT,47,7.094001973,0.518422301
HT,48,4.421214067,0.317900046
HT,49,4.66165416,0.345436006
HT,50,4.571672243,0.339230638
HT,51,4.564466135,0.354843376
HT,52,4.494633163,0.342327852
HT,53,4.454696242,0.289675908
HT,54,4.525917898,0.360198677
HT,55,4.392047926,0.276318639
HT,56,4.43261149,0.267430104
HT,57,4.479014513,0.304583982
HT,58,4.489425935,0.349903662
HT,59,4.299003018,0.40623717
HT,60,4.489425935,0.349903662
HT,61,4.489425935,0.349903662
HT,62,6.891133028,0.699897695
HT,63,4.489425935,0.349903662
HT,64,4.489425935,0.349903662
HT,65,4.651105305,0.378770425
HT,66,4.386309119,0.300509518
HT,67,4.512124564,0.32959304
HT,68,4.50688945,0.367785487
HT,69,4.541450454,0.389191327
HT,70,4.492355327,0.342316097
HT,71,4.468264219,0.337642091
HT,72,4.488575247,0.402268256
HT,73,4.47363335,0.369829162
HT,74,4.363495161,0.332089222
HT,75,4.40167987,0.360349064
HT,76,4.471953936,0.360252948
HT,77,4.479156148,0.326695147
HT,78,4.476256585,0.370676261
HT,79,4.490276624,0.374238568
HT,80,4.514593918,0.338008978
HT,81,4.573450581,0.329257481
HT,82,4.528756047,0.38949528
HT,83,4.583661906,0.386569718
HT,84,4.505221096,0.387155445
HT,85,4.409809663,0.354371317
HT,86,4.463549137,0.327690598
HT,87,4.627994199,0.416284945
HT,88,4.484941254,0.322280997
HT,89,4.420862011,0.367623334
HT,90,4.50325066,0.336069667
HT,91,4.489425935,0.349903662
HT,92,4.489425935,0.349903662
HT,93,4.489425935,0.349903662
HT,94,4.489425935,0.349903662
HT,95,4.489425935,0.349903662
HT,96,4.367757506,0.295956536
HT,97,4.410503632,0.286634136
HT,98,4.415938633,0.282995997
HT,99,4.441204884,0.281166403
HT,100,4.388377924,0.268042357
HT,101,4.436855558,0.297837698
HT,102,4.438321681,0.291906657
HT,103,4.372841749,0.267527482
HT,104,4.393206413,0.270980907
HT,105,4.49075845,0.310684979
HT,106,4.30630712,0.138867136
HT,107,4.50663961,0.291668418
HT,108,4.489425935,0.349903662
HT,109,4.527422742,0.292342348
HT,110,4.453585046,0.268145169
HT,111,4.442408214,0.293253921
HT,112,4.514593918,0.338008978
HT,113,4.573450581,0.329257481
HT,114,4.528756047,0.38949528
HT,115,4.583661906,0.386569718
HT,116,4.505221096,0.387155445
HT,117,4.409809663,0.354371317
HT,118,4.463549137,0.327690598
HT,119,4.627994199,0.416284945
HT,120,4.484941254,0.322280997
HT,121,4.420862011,0.367623334
HT,122,4.50325066,0.336069667
HT,123,4.489425935,0.349903662
HT,124,4.489425935,0.349903662
HT,125,4.489425935,0.349903662
HT,126,4.489425935,0.349903662
HT,144,2.224094329,0.419427536
HT,160,6.065756709,0.725313606
HT,161,5.757440134,0.678675492
HT,162,6.118603439,0.636478355
HT,163,6.297905469,0.590183486
HT,171,4.419448696,0.255840832
HT,172,4.553199177,0.36979515
HT,173,4.364764538,0.303109822
HT,174,4.404243577,0.295213004
HT,175,4.203496776,0.468303542
HT,188,4.401701857,0.299448374
HT,190,4.401160354,0.303105646
HT,191,4.074109715,0.166945845
HT,192,4.427795151,0.355595677
HT,219,4.948626675,0.267008813
HT,222,4.39497217,0.337027671
HT,252,4.069197931,0.331701811
